제목,본문 내용,사이트 링크,일정 시작 일시,일정 마감 일시,게시글 작성 일,게시글 수정 일,분류 단어
[I-RISE] 인천 포커스 문제해결 프로젝트 경진대회 안내,"인하대학교 I-RISE 융합교육혁신팀에서는 인천 소재 기업·기관 등의 문제를 전공지식 활용 및
팀 활동 등을 통하여 해결한 성과를 공유하고 확산하기 위하여 경진대회를 개최합니다.
학생 여러분의 많은 관심과 참여 부탁드립니다.
1.
참가대상
가
. I-RISE
사업에 참여하는 대학 소속 학부생 및 대학원생
(
휴학생 가능
)
인하대학교
가천대학교
경인교육대학교
경인여자대학교
안양대학교
연세대학교
인천가톨릭대학교
인천대학교
인하공업전문대학교
재능대학교
청운대학교
한국폴리텍대학교
나
. 2
인 이상 팀 구성 필수
2.
주제
2025. 1. 1.
이후 발굴한 인천 소재 기업
·
기관 등의 문제를
전공지식 활용 및 팀 활동 등을 통하여 해결한 성과
3.
시상
-
대상
(1
팀
) : 100
만원
-
우수
(3
팀
) : 30
만원
-
장려
(11
팀
) : 10
만원
4.
대회 일시 및 장소
가
. 2025
년
11
월
24
일
(
월
) 17:00
나
.
상상플랫폼
1
층 웨이브홀
※수인분당선 인하대역 승차 → 숭의역 → 신포역 하차
5.
대회진행 및 심사방법
대회진행 및 심사방법 안내 표
시간
진행내용
비고
16:00 ~ 17:00
1차 평가
포스터 전시 및 심사위원 평가
본선 진출작 선정(현장에서 개별 통지)
17:00 ~ 18:00
발표순서 추첨 및 청중 등록
동아리 공연
청중 전원 다과 제공(햄버거 세트)
18:00 ~ 19:00
2차 평가
청중 현장 투표 70%
+ 심사위원 30%
PPT 등 발표자료 없이 3분 이내 발표(포스터 및 소품 활용 가능)
19:00 ~ 19:30
시상 및 추첨
평가 결과 발표 및 시상
청중 추첨 및 경품 지급 (아이패드 등)
6.
신청방법
○
참가신청서
(URL 및 QR코드
)
및 포스터 제출
신청링크 :
https://forms.gle/Y3Q5LLFsxkPYFYAo9
○
포스터는 문제 발굴
,
해결 과정
(
전공지식 활용
,
팀원 간 협업 등
),
문제해결 성과
(
기업 및 기관의 피드백 등
)
를 포함한 내용
○
A1(594mm x 841mm), PDF
파일로 작성하여 이메일 제출
(
mini2525@inha.ac.kr
)
※
메일 제목
: [
인천 포커스 문제해결 프로젝트
] OO
팀 포스터 제출
○
제출기한
: 2025. 11. 19.(
수
) 18:00 (
기한 엄수
)
▷
대회 청중 참여는 대회 출전 여부와 상관없이
I-RISE
참여대학 소속 학생
(
휴학생 포함
)
모두 가능
※
대회 당일 등록 시 학생증 지참 필수
▷
문제해결과 관련한 인하대 메이커스페이스 시설 무상 제공 지원
※
인하대
I-RISE
융합교육혁신팀
(032-860-8096)
사전 신청 필수",https://www.inha.ac.kr/bbs/kr/8/42307/artclView.do,N/A,N/A,2025.11.14.,N/A,대회
[SW중심대학사업단] 2025 생성형 AI 활용 쇼츠 공모전 개최(~ 11.22.(토))첨부파일이 1 개 있음,"SW
중심대학사업단에서는 생성형
AI
기술을 활용한 창의적이고 혁신적인 탄소중립 실천 방안을 홍보하고자 쇼츠 공모전을 개최하오니 많은 관심과 참여 부탁드립니다
.
1.
프로그램명
: 2025
생성형
AI
활용 쇼츠 공모전
2.
참여 대상
:
인하대학교 학부생
,
대학원생
○
개인 또는 팀
(
최대
3
인
)
으로 참가
-
팀 참가 시 대학원생
,
학부생 혼합 참가 가능
○
재학생만 가능
(
휴학생 및 수료생 참가 불가
)
3.
공모 주제
:
탄소중립
,
일상의 작은 실천
○
가정
,
직장
,
학교 등에서 실천할 수 있는 탄소중립 홍보 영상을 생성형
AI
를 활용하여 제작
-
우리가 평소에 무심코 지나칠 수 있는 행동들이 환경에 미치는 영향과 개선할 수 있는 방법
-
탄소중립의 실현 의지를 나타내고
,
중요성을 강조하는 내용
예
) AI
가 추천하는 나만의 탄소중립 루틴 생성기
,
우리의 일상 속 탄소발자국
4.
제출 방법
:
swcore@inha.ac.kr
로 신청서 제출
○
양식
•
파일형식
: MP4, AVI, MOV
•
규격
:
세로형
FHD(1920*1080)
•
유형 및 분량
:
쇼츠
(
최소
50
초
~
최대
1
분
)
•
용량
:
제한 없음
- 10MB
이상의 파일은 본인 클라우드에 업로드하여 다운로드 가능한 링크로 제출
•
한국어 자막 또는 나레이션 중
1
개 이상 필수 삽입
○
10MB
이상 파일 제출 방법
•
구글 드라이브
:
구글 드라이브
(drive.google.com)
로그인
→
내 드라이브에 동영상 업로드
→
공유
→
일반액세스
‘
링크가 있는 모든 사용자
’
로 변경
→
링크 복사
→
링크 전달
•
원 드라이브
:
https://cloud.inha.ac.kr/
→
인하포털 로그인
→
원 드라이브 클릭
→
새로 추가
→
파일 업로드
→
동영상 업로드
→
공유
→
링크 복사
→
링크 전달
•
네이버 클라우드
:
네이버 마이박스
(mybox.naver.com)
로그인
→
동영상 폴더 선택
→
동영상 올리기
→
마우스 우클릭
→
링크 공유
→
링크 복사
→
링크 전달
○
유의사항
•
활
용한 모든 생성형
AI
플랫폼의 명칭 및 작성 프롬프터 제출 필수
•
생성형
AI
플랫폼 모두 활용 가능
(
단
,
사용을 위해 요구되는 유료결제비용은 학생본인 부담
)
-
영상 생성 및 편집
AI
플랫폼
: RunwayML, Pictory, Lumen5, DeepBrain AI
등
-
학생 인증 시
1
년 무료
AI
플랫폼
: Google Gemini, Perplexity
•
출품작은 순수 창작물이어야 하며
,
타 공모전 수상작
,
타인의 저작물
,
제
3
자의 명의를 도용한 경우 등으로 판명된 경우에는 심사에서
제외되며 입상 발표 후 확인될 경우에는 시상 취소 및 시상금 전액을 환수
•
제
3
자의 초상권
,
지적재산권
,
저작권
,
특허권
,
상표권
,
디자인권 등 기타 제반 권리를 침해하지 않도록 주의해야 하며 이에 대한 이의 신청 또는 분쟁 발생시 모든 책임은 출품자에게 있으며
,
이에 대한 법적 조치를 받을 수 있음
•
전체 출품작에 대하여 인하대학교가 저작재산권 및
2
차적저작물작성권
(
제출 자료의 일부 복제
,
가공
,
인쇄
,
배포
,
전시
,
공중송신 등
)
을
행사할 수 있음
•
유의사항 및 공고문 미숙지로 인하여 발생하는 문제는 출품자의 책임으로 간주
5.
제출 기한
: 2025. 11. 22.(
토
)
까지
6.
시상내역
※
출품작의 수준이 현저히 떨어지거나 심사 기준에 부합하는 응모작이 없을 시 시상 규모를 축소 또는 변경할 수 있음
구분
훈격
시상인원
상금
최우수상
SW
중심대학사업단장상
2
명
30
만원
우수상
SW
중심대학사업단장상
3
명
20
만원
장려상
SW
중심대학사업단장상
6
명
10
만원
입상
SW
중심대학사업단장상
24
명
5
만원
합계
35
명
300
만원
7.
수상작 발표
: 2025. 11. 28.(
금
)
예정
※
수상작은 사업단 홈페이지 및 유튜브 게시 예정
8.
시상식
: 2025. 12. 3.(
수
)
예정
9.
문의
: SW
중심대학사업단
(swcore@inha.ac.kr / 032-860-9502)",https://www.inha.ac.kr/bbs/kr/8/41992/artclView.do,N/A,N/A,2025.10.20.,N/A,공모전
